-- phpMyAdmin SQL Dump
-- version 4.1.12
-- http://www.phpmyadmin.net
--
-- Host: 127.0.0.1
-- Generation Time: Oct 15, 2014 at 10:38 AM
-- Server version: 5.5.36
-- PHP Version: 5.4.27

SET SQL_MODE = "NO_AUTO_VALUE_ON_ZERO";
SET time_zone = "+00:00";


/*!40101 SET @OLD_CHARACTER_SET_CLIENT=@@CHARACTER_SET_CLIENT */;
/*!40101 SET @OLD_CHARACTER_SET_RESULTS=@@CHARACTER_SET_RESULTS */;
/*!40101 SET @OLD_COLLATION_CONNECTION=@@COLLATION_CONNECTION */;
/*!40101 SET NAMES utf8 */;

--
-- Database: `storage`
--

-- --------------------------------------------------------

--
-- Table structure for table `accounts`
--

CREATE TABLE IF NOT EXISTS `accounts` (
  `pin_number` varchar(9) NOT NULL,
  `balance` int(11) NOT NULL
) ENGINE=InnoDB DEFAULT CHARSET=latin1;

--
-- Dumping data for table `accounts`
--

INSERT INTO `accounts` (`pin_number`, `balance`) VALUES
('108745129', 350000),
('284698486', 353650),
('260833740', 327148),
('672637939', 485730),
('880828857', 455542),
('459625244', 354553),
('701995849', 369482);

-- --------------------------------------------------------

--
-- Table structure for table `admin`
--

CREATE TABLE IF NOT EXISTS `admin` (
  `user_id` int(11) NOT NULL AUTO_INCREMENT,
  `username` varchar(30) NOT NULL,
  `password` varchar(100) NOT NULL,
  PRIMARY KEY (`user_id`)
) ENGINE=InnoDB DEFAULT CHARSET=latin1 AUTO_INCREMENT=1 ;

-- --------------------------------------------------------

--
-- Table structure for table `details`
--

CREATE TABLE IF NOT EXISTS `details` (
  `product_id` int(11) NOT NULL AUTO_INCREMENT,
  `product_license` varchar(10) NOT NULL,
  `product_manufacturer` varchar(20) NOT NULL,
  `date_added` date NOT NULL,
  `author` varchar(35) NOT NULL,
  `featured` tinyint(1) NOT NULL,
  `sold` int(1) NOT NULL,
  PRIMARY KEY (`product_id`)
) ENGINE=InnoDB  DEFAULT CHARSET=latin1 AUTO_INCREMENT=25 ;

--
-- Dumping data for table `details`
--

INSERT INTO `details` (`product_id`, `product_license`, `product_manufacturer`, `date_added`, `author`, `featured`, `sold`) VALUES
(1, 'DC Comics', 'Hot Toys', '2014-10-03', 'Bryan Chu', 0, 0),
(2, 'DC Comics', 'Hot Toys', '2014-10-03', 'Bryan Chu', 0, 0),
(3, 'DC Comics', 'Hot Toys', '2014-10-03', 'Bryan Chu', 1, 0),
(4, 'DC Comics', 'Hot Toys', '2014-10-03', 'Bryan Chu', 0, 0),
(5, 'DC Comics', 'Hasbro', '2014-10-03', 'Bryan Chu', 0, 0),
(6, 'DC Comics', 'Hot Toys', '2014-10-03', 'Bryan Chu', 1, 0),
(7, 'DC Comics', 'Hasbro', '2014-10-03', 'Bryan Chu', 0, 0),
(8, 'DC Comics', 'Hot Toys', '2014-10-03', 'Bryan Chu', 1, 0),
(9, 'DC Comics', 'Hot Toys', '2014-10-03', 'Bryan Chu', 0, 0),
(10, 'Marvel', 'Hot Toys', '2014-10-03', 'Bryan Chu', 1, 0),
(11, 'Marvel', 'Hot Toys', '2014-10-03', 'Bryan Chu', 0, 0),
(12, 'Marvel', 'Hot Toys', '2014-10-03', 'Bryan Chu', 0, 0),
(13, 'Marvel', 'Hot Toys', '2014-10-03', 'Bryan Chu', 0, 0),
(14, 'Marvel', 'Hot Toys', '2014-10-03', 'Bryan Chu', 0, 0),
(15, 'Marvel', 'Hot Toys', '2014-10-03', 'Bryan Chu', 0, 0),
(16, 'Marvel', 'Hot Toys', '2014-10-03', 'Bryan Chu', 1, 0),
(17, 'Marvel', 'Hot Toys', '2014-10-03', 'Bryan Chu', 1, 0),
(18, 'Marvel', 'Hot Toys', '2014-10-03', 'Bryan Chu', 0, 0),
(19, 'Marvel', 'Hot Toys', '2014-10-03', 'Bryan Chu', 1, 0),
(20, 'Marvel', 'Hot Toys', '2014-10-03', 'Bryan Chu', 0, 0),
(21, 'Marvel', 'Hot Toys', '2014-10-03', 'Bryan Chu', 0, 0),
(22, 'Marvel', 'Hot Toys', '2014-10-03', 'Bryan Chu', 0, 0),
(23, 'Marvel', 'Hot Toys', '2014-10-03', 'Bryan Chu', 1, 0),
(24, 'Marvel', 'Hot Toys', '2014-10-03', 'Bryan Chu', 0, 0);

-- --------------------------------------------------------

--
-- Table structure for table `news`
--

CREATE TABLE IF NOT EXISTS `news` (
  `news_id` int(11) NOT NULL AUTO_INCREMENT,
  `news` varchar(100) NOT NULL,
  PRIMARY KEY (`news_id`)
) ENGINE=InnoDB DEFAULT CHARSET=latin1 AUTO_INCREMENT=1 ;

-- --------------------------------------------------------

--
-- Table structure for table `products`
--

CREATE TABLE IF NOT EXISTS `products` (
  `product_id` int(11) NOT NULL AUTO_INCREMENT,
  `product_name` varchar(100) NOT NULL,
  `product_desc` text NOT NULL,
  `product_price` float NOT NULL,
  `product_quantity` int(11) NOT NULL,
  `product_category` varchar(10) NOT NULL,
  `product_size` double NOT NULL,
  `product_weight` double NOT NULL,
  `product_image` varchar(100) NOT NULL,
  PRIMARY KEY (`product_id`)
) ENGINE=InnoDB  DEFAULT CHARSET=latin1 AUTO_INCREMENT=25 ;

--
-- Dumping data for table `products`
--

INSERT INTO `products` (`product_id`, `product_name`, `product_desc`, `product_price`, `product_quantity`, `product_category`, `product_size`, `product_weight`, `product_image`) VALUES
(1, 'Bane (Dorrance)', 'Bane is an escaped convict from an island prison in South America and a super-villain/assassin. Bane has abnormal physical strength as a result of having had undergone experiments involving a derivative of the drug Venom. He became known as "The Man Who Broke the Bat" when he broke Batman''s back, forcing Bruce Wayne to give up the Batman persona while he recuperated. Bane was originally created by writers Chuck Dixon and Doug Moench and artist Graham Nolan, and he first appeared in Batman: Vengeance of Bane #1 (January 1993).', 19500, 20, 'dc', 12.21, 3.3, 'k8zspxo3dmn5c1futejvlrgah269ib70w4qy.jpg'),
(2, 'Batgirl', 'Batgirl is an ally of Batman and Robin who also patrol Gotham City. Throughout history, there have been several different women to hold the mantle of Batgirl. \r\n\r\nOriginally created by Bob Kane and Sheldon Moldoff, the first incarnation of the character, the "Bat-Girl" Betty Kane, debuted in Batman #139 (1961). Following the promotion of Julius Schwartz to editor of the Batman-related comic book titles in 1964, the Bat-Girl character was removed from publication and replaced by the "new" Batgirl Barbara Gordon in 1967. The new character was introduced in Gardner Fox and Carmine Infantino''s Detective Comics #359, entitled "The Million Dollar Debut of Batgirl".', 12000, 20, 'dc', 9.54, 2.3, 't2oh4pv08d6rjwyqf3x1nce9ilsa7bzmu5gk.jpg'),
(3, 'Batman', 'Batman is a superhero co-created by artist Bob Kane and writer Bill Finger and published by DC Comics. The character made his first appearance in Detective Comics #27 (May, 1939). Batman is the secret identity of Bruce Wayne. Witnessing the murder of his parents as a child leads him to train himself to physical and intellectual perfection and don a bat-themed costume in order to fight crime. Batman operates in Gotham City, assisted by various supporting characters including his sidekick Robin and his butler Alfred Pennyworth, and fights an assortment of villains influenced by the characters'' roots in film and pulp magazines. Unlike most superheroes, he does not possess any superpowers; he makes use of intellect, detective skills, science and technology, wealth, physical prowess, and intimidation in his war on crime.\r\n\r\nBatman became a popular character soon after his introduction, and eventually gained his own title, Batman. As the decades wore on, differing takes on the character emerged. The late 1960s Batman television series utilized a camp aesthetic associated with the character for years after the show ended. Various creators worked to return the character to his dark roots, culminating in the 1986 miniseries Batman: The Dark Knight Returns, by writer-artist Frank Miller. That and the success of director Tim Burton''s 1989 Batman motion picture helped reignite popular interest in the character. A cultural icon, Batman has been licensed and adapted into a variety of media, from radio to television and film, and appears on a variety of merchandise sold all over the world. The Batman goes by numerous nicknames, such as The Dark Knight, The Caped Crusader, or just the Bat.', 21500, 100, 'dc', 15.32, 3.12, 'x2thw7k4zjfqcpydn3ur16a589bmsvoel0ig.jpg'),
(4, 'Catwoman', 'Selina Kyle, also known as Catwoman, is a fictional character associated with DC Comics'' Batman franchise and created by Bill Finger and Bob Kane. Currently portrayed as an orphan who learned to survive on Gotham City''s streets, Selina took to thievery to survive... but determined to do it in style, she learned martial arts and trained extensively to perfect her skills in cat burglary. Her criminal activities are often tempered by a reluctant altruism, making her an inconstant villain and occasional ally to Batman. She regularly eludes capture by the Dark Knight and maintains a complicated, adversarial relationship with Batman that frequently turns flirtatious and occasionally, legitimately romantic. She''s one of Batman''s best known loves. Her main crime is only thievery, as killing is against her own moral code thus making her more of an anti-hero rather than true villain and she currently only steals from gangsters and mobsters. She is one of Batman''s most trusted allies at the moment.', 11500, 10, 'dc', 8.12, 2.31, '2lvfc35me68wt9akujpqyio10shxrgdz74nb.jpg'),
(5, 'Green Lantern', 'Imagine if the ring on your finger was more than a piece of gaudy jewelry. Instead, itâ€™s the universeâ€™s most powerful weapon. It can create whatever you wish out of pure energy, its might limited only by your imagination and will. And with it comes exclusive membership to an exclusive intergalactic police force with alien officers spanning the cosmos.\r\n\r\nThe only catch? Mastering that power and being a Green Lantern means facing your fears, and for headstrong Hal Jordan, thatâ€™s something heâ€™s been avoiding his whole life.When just a boy, Hal witnessed his greatest nightmareâ€”his pilot father dying in a tragic plane crash. Nevertheless determined to follow in his footsteps, Hal repressed his fears, becoming a reckless, defiant test pilot. But when a dying alien crashes on Earth, the irresponsible Hal is chosen to be that alienâ€™s successor in the Green Lantern Corps, a universe-wide peacekeeping force over 3,600 members strong.', 3000, 10, 'dc', 7.11, 1.36, '1mg4tzuw92pie3rvsqjfa0obhnylkd58c6x7.JPG'),
(6, 'The Joker', 'The Joker is a supervillain and the archenemy of Batman. He was first introduced in Batman #1 (Spring 1940) and has remained consistently popular. The Joker is a master criminal with a clown-like appearance. Initially portrayed as a violent sociopath who murders people for his own amusement, the Joker later in the 1940s began to be written as a goofy trickster-thief. That characterization continued through the late-1950s and 1960s before the character became again depicted as a vicious, calculating, psychopathic killer. The Joker has been responsible for numerous tragedies in Batman''s life, including the paralysis of Barbara Gordon (Batgirl/Oracle) and the murders of Jason Todd (the second Robin) and Jim Gordon''s second wife Sarah Essen.\r\n\r\nInterpretations of the Joker''s appeareance in other media include Cesar Romero''s in the 1960s Batman television series, Jack Nicholson''s in Tim Burton''s Batman, and Mark Hamill''s in Batman: The Animated Series and other DC Animated Universe shows. Wizard magazine listed him the #1 villain of all time in 2006. As played by Nicholson, The Joker ranks #45 in the American Film Institute''s list of the top 50 film villains of all time. Heath Ledger signed to play the Joker in July 2006, for director Christopher Nolan''s Batman Begins sequel, The Dark Knight and won a posthumous Oscar for his performance. He was also ranked 8th on the Greatest Comic Book Character of All Time list, which was released by Empire (notably being the highest ranked villain character on the list), as well as being the fifth Greatest Comic Book Character Ever in Wizard Magazine''s 200 Greatest Comic Book Characters of all Time list, once again being the highest ranked villain on the list.', 23000, 80, 'dc', 10.43, 3.45, '8lq9xgin3mpkosf5z4ejdr6wha7tuy0b1cv2.jpg'),
(7, 'Penguin', 'The Penguin (Oswald Chesterfield Cobblepot) is a DC Comics supervillain and an enemy of Batman. He was introduced by artist Bob Kane and writer Bill Finger, he first appeared in Detective Comics #58 (December 1941).\r\n\r\nThe Penguin, one of Batman''s oldest foes, is an eccentric criminal mastermind, known as much for his love of ornithology and trick umbrellas as for his already shady business dealings. Gotham City''s popular Iceberg Lounge serves as Penguin''s front for a number of illegal financial stature; the Penguin is a wily foe whose umbrellas conceal a variety of deadly weapons and gadgets.\r\n\r\nIn most incarnations, the Penguin is a short, chubby (though he wasn''t really fat in the original Batman series) man who wears a tuxedo, top hat, monocle, white gloves (black in Batman Returns), and spats. A mobster-type criminal, he fancies himself a "gentleman of crime". Unlike most Batman villains, he doesn''t theme his crimes around a psychotic obsession; his intelligence and aristocratic personality starkly contrast against demented Batman villains, such as the Joker. However, he recently became a mobster and nightclub owner who engages in more quiet criminal activity whom Batman tolerates as a source of criminal underworld information.\r\n\r\nThe Penguin does, however, possess a few eccentricities. He is known for his love of birds and his high-tech umbrellas that serve some specialized function, such as hang-gliding and weaponry. He also keeps beautiful women around him, perhaps to remind others of his monetary power or to compensate for his own grotesqueness.\r\n\r\nAlthough a second-string villain for many years, Burgess Meredith popularized the Penguin in the 1960s Batman TV show, partially because of his signature squawking laughter. Danny DeVito played a much darker and older version of the Penguin in Batman Returns. This version was not just an unattractive criminal, but a physically deformed, sadistic, megalomaniacal monster. Subsequent Batman animated series have alternately featured the deformed Penguin and a more traditional version.', 13500, 20, 'dc', 9.54, 3.3, 'bc8ise2u1mlqdyarohp3x9jgv64z5t0kn7wf.jpg'),
(8, 'Superman', 'The most recognized superhero in pop culture, Superman has been elevated to mythic folkhero status. Rocketed to Earth from the dying planet Krypton, baby Kal-El was found by a farming couple who named the boy Clark Kent and raised him as their own. Discovering his enormous powers, they instilled in him strong moral valuesâ€”and inspired him to become a hero.\r\n\r\nSuperman has super-everythingâ€”strength, speed, flight, invulnerability as well as his renowned X-ray and heat vision. The most powerful being on the planet, his amazing abilities are also a melancholy reminder of how different he is from the people heâ€™s dedicated to protect.  \r\n\r\nA universal icon, Superman means different things to the many diverse people he inspires: Heâ€™s an alien; an immigrant from a faraway land just looking to help; a country boy fighting the never-ending battle for truth and justice. And recent comics have truly spotlighted his role as the peopleâ€™s hero: Following a neophyte Man of Steel still learning his powersâ€™ limits, Superman fights the evil corporate tycoons and corrupt one-percenters that have overwhelmed the establishment.', 20000, 100, 'dc', 15, 4.3, 'm9821obpyt4decqasunklfw5g0h7z3iv6xjr.jpg'),
(9, 'Two-Face', 'Harvey Dent was Gotham City''s amiable and courteous district attorney and one of Batman''s strongest allies until Sal "Boss" Maroni threw acid in his face, hideously scarring him. It also fractured his mental state, causing him to become Two-Face, a schizoid criminal mastermind obsessed with duality and the number two. His former good luck charm, a "two-headed" silver dollar with one side deface has been seized on as a reflection of Dent''s half-scarred visage. He flips it to decide the fates of his victims. Despite Batman''s efforts to reform his former ally, Dent is consumed by his fixation on chance and his crimes are designed to prove out his diametric philosophy.', 12300, 20, 'dc', 9.54, 3.39, 'tzf1c3kjwpy2xrsuev74glboi5amhd86qn90.jpg'),
(10, 'Captain America', 'Steve Rogers was a scrawny fine arts student growing up during the Great Depression. His alcoholic father died when Steve was a child, and his mother passed away from pneumonia after he graduated high school. In early 1940, appalled at Nazi Germanyâ€™s horrific atrocities, Steve attempted to enlist in the army. Failing to pass physical requirements, he was invited to volunteer for Operation: Rebirth, a project intended to enhance US soldiers to the height of physical perfection via the inventions and discoveries of Professor Abraham Erskine. Rogers eagerly accepted and became the first test subject. After injections and ingestion of the "Super Soldier Serum," Rogers was exposed to a controlled burst of "Vita-Rays" that activated and stabilized the chemicals in his system. The process successfully altered his physiology from its frail state to the maximum of human efficiency, including greatly enhanced musculature and reflexes. Soon after, Professor Erskine was assassinated by a Nazi operative, leaving Steve the sole beneficiary of Erskineâ€™s genius. Renamed â€œProject: Rebirth,â€ variations of the Super-Soldier serum were subsequently tested, under inhuman conditions, on African-American soldiers. The most successful of these was Isaiah Bradley, and Project: Rebirthâ€™s resources were eventually absorbed into a multinational superhuman research project dubbed Weapon Plus.\r\nRogers was assigned to serve as an who served both as a counter-intelligence agent and a symbolic US hero to counter Nazi Germany''s propaganda successes head by the Red Skull (Johann Shmidt). Wearing a costume based on his own design modeled after the American flag, Steve was given a triangular bulletproof shield, a personal sidearm and the codename Captain America, the Sentinel of Liberty. He was also provided a cover identity as a clumsy infantry private at Camp Lehigh in Virginia. His first opponents included the Red Skull himself and Nazi attempts to duplicate Erskineâ€™s serum with their own super soldiers. During a mission to the African nation of Wakanda, â€œCapâ€ befriended the nationâ€™s ruler Tâ€™Chaka and obtained a sample of the rare metal Vibranium. Subsequent experiments with this metal produced a uniquely indestructible Vibranium-steel alloy disc, which proved impossible to duplicate. The disc was given to Cap as his new shield.\r\n\r\nCap and BuckyBarely out of his teens himself, Rogers made friends with the armyâ€™s camp mascot, teenager James Buchanan "Bucky" Barnes. Barnes accidentally learned of Rogers'' dual identity and offered to keep the secret if he could become Captain America''s sidekick. Rogers agreed, and trained Barnes. Throughout 1941, Cap and Bucky shared many adventures stateside and throughout the world. When the US entered World War II, Cap and Bucky teamed with the android Human Torch, his mutant sidekick Toro, and Namor the ocean-dwelling Sub-Mariner as the Allied force the Invaders.\r\nIn the closing days of World War II in early 1945, Cap broke through Nazi troops for his final wartime confrontation with the Red Skull, who was seemingly slain by bombing debris (but lived on in suspended animation). Days later, Cap and Bucky arrived in England too late to prevent brilliant Nazi scientist Baron Zemo from obtaining and launching an experimental drone plane armed explosive device on it. Rogers and Barnes reached the plane, but when Bucky tried to defuse the bomb, it exploded in mid-air. Rogers was hurled into the freezing waters of the North Atlantic. The US government presumed both were dead. However, Bucky was secretly retrieved by Soviet operatives, while Cap was recovered by Nazi agent Lyle Dekker, who hoped to exchange bodies with him. Cap escaped Dekkerâ€™s base by air, but was shot down and fell back into the ocean. Due to the Super-Soldier serum Captain America survived, entering a state of suspended animation and eventually freezing in solid ice.', 30400, 150, 'marvel', 15.32, 4.5, 'tkzbq3o528pr7hdwv6icxn0j1efamlgy94su.jpg'),
(11, 'Deadpool', 'Wade Wilson''s early life is mostly unknown. His mother died of cancer while he was young and his father (who was in the military) was physically abusive. Wade was a deliquent in his teenage years, possibly to spite his father. However one night while drinking with his friends his father attempt to take him out of the club one of his friends stole Wade''s Fathers handgun and killed him. Following a brief stint of military service, Wade began his mercenary career while still in his late teens. Accepting assassination jobs only against those whom he felt deserved death, he made a habit of using plastic surgery and technology to take on a new identity whenever he failed an assignment. Many years later Deadpool''s nemesis T-Ray accused Deadpool of killing his wife and stealing his identity after a failed mission, but Deadpool''s restored memories revealed this to be a lie; in T-Ray''s account Wade was wearing his Deadpool costume, which he didn''t have in till after he joined Weapon X.\r\nLittle is known of Wilsonâ€™s subsequent mercenary activities. At one point he was active in Tangier, Morocco, where he romanced a woman named Francie. When this relationship soured, he traveled throughout Asia, and was hired in Japan by a crimelord, the Boss, to infiltrate a sumo-wrestling ring owned by a rival criminal, the Oyakata. Wilson spent three years as a wrestler under the Oyakataâ€™s tutelage and became romantically involved with his mentorâ€™s daughter, Sazae. When the Boss finally ordered the Oyakataâ€™s murder, Wilson refused to complete his assignment, allegedly the first time he had ever done so, and relocated to the United States.\r\n\r\nIn America, Wilson met and fell in love with teenage prostitute Vanessa Carlysle, with whom he shared dreams of a better life. Wilson was subsequently hired by Middle Eastern interests to assassinate a blind British government operative named Althea, also known as Blind Al, but upon arrival at the Zaire base where she was stationed, he killed everyone except for Al who had fled. Wilsonâ€™s employers sought vengeance for his failure by targeting Vanessa, who was rescued by Zoe Culloden, an employee of the interdimensional firm Landau, Luckman, Lake, and LeQuare. Culloden was keeping Wilson under surveillance, believing he was destined to play a vital part in a potential threat to the world.\r\n\r\nLearning that he had contracted cancer, Wilson broke up with Vanessa rather than force her to remain with a terminally ill man. In Canada, he was offered hope in the form of Department K, a special weapons development branch of the Canadian government. Wilson became a test subject in Department Kâ€™s branch of the joint U.S./Canadian superhuman enhancement project, the Weapon X Program; his cancer was temporarily arrested via the implantation of a healing factor derived from another Department K agent, the mutant adventurer Wolverine. Wilson was active in a covert field unit alongside the near-invulnerable Sluggo and the cyborgs Kane and Slayback. Vanessa herself was later affiliated with the team after having manifested mutant shapeshifting abilities, calling herself Copycat.\r\n\r\nDuring one mission, Wilson killed his teammate Slayback. As a result, he was rejected from the Weapon X Program and sent to the Hospice, allegedly a government facility where failed superhuman operatives were treated. However, unknown to the Canadian government, the Hospiceâ€™s patients served as experimental subjects for Doctor Killebrew and his sadistic assistant Ajax, with the patients placing bets in a "deadpool" as to how long each subject would live. Killebrew subjected Wilson to various torturous experiments for his own deranged satisfaction. In due course, Wilson formed a semi-romantic relationship with the cosmic entity Death, who regarded him as a kindred spirit. Wilsonâ€™s emotional strength during his trials earned him the respect of his fellow Hospice patients. Then Ajax, angered by Wilsonâ€™s taunts, lobotomized one of Wilsonâ€™s friends. At Deathâ€™s prompting, Wilson killed his friend to end his suffering. However, under Killebrewâ€™s rules any patient who killed another was to be executed; Ajax subsequently tore out Wilsonâ€™s heart and left him for dead, but Wilsonâ€™s thirst for vengeance was so strong that it jumpstarted his healing factor, regenerating his heart, although not curing his scarred body. Wilson then attacked Ajax, leaving him for dead in turn, and, taking the name Deadpool, escaped from the Hospice with his fellow patients.', 30000, 100, 'marvel', 15.32, 3.3, 'ykb5fpamqiw79us2ntvgr64x0j38hozldec1.jpg'),
(12, 'Drax The Destroyer', 'A former saxophonist, Arthur Sampson "Art" Douglas and his family were killed by the Titanian Eternal Thanos while driving across the Mojave Desert. Kronos recovered Douglas'' astral form and used it to create a superhuman warrior for the purpose of defeating Thanos. After Thanos was defeated, Drax was eventually killed by a psychic attack from Moondragon.\r\nYears later, Drax was resurrected to once again battle Thanos (also recently resurrected). Drax''s resurrection was not perfect, however; his brain remained damaged from his previous death. After Thanos was defeated a second time, Drax became a member of the Infinity Watch and guardian of the Power Gem.\r\n\r\nAdam Warlock, leader of the Watch, shut off Drax''s hunger to kill Thanos when he had the Infinity Gauntlet. However Moondragon accidentally caused some of his memories to resurface, and returned to him his insane hunger to kill Thanos.\r\n\r\nDrax partially regained his intelligence when he and his daughter Moondragon petitioned Kronos, the being who had resurrected Arthur Douglas as Drax, to restore his mind and heal the severe injuries Moondragon had suffered. Moondragon gave up some of her mental prowess and Drax gave up some of his bulk to heal one another. The recovery took time, and Drax was for a while still dim-witted (but nowhere near as badly as he was before), undergoing tutoring by his daughter. Drax was taken to the Microverse where he was mistaken for the Hulk and helped the Microns overthrow the Psycho-Man and Fredd, an evil clone of Captain Marvel. Drax decided to remain there and help the Microns rebuild the Microverse''s government.\r\n\r\nDrax battled the Champion for control of a planet that Champion had taken over. Drax lost the battle, but the Champion was later defeated by She-Hulk.\r\n\r\nRecently, as a detainee aboard a galactic prison transport, Drax crashed on Earth and escaped imprisonment, along with the other inmates. He regained his intelligence and fought the other inmates when they threatened the local townsfolk and the 10 year old girl named Cammi, who befriended him. Drax and Cammi were then taken to an intergalactic prison known as the Kyln\r\n\r\nAfter an unknown amount of time the being known as Annihilus attacked Kyln. Having survived, Drax and Cammi team-up with Nova. During their time together Drax teaches Nova how to better harness the Nova Force and how to kill. Eventually Drax and Cammi join Nova''s United Front and oppose Annihilus. During a crucial battle Drax is once more confronted by Thanos, who is trying to save Galactus. However, before Thanos could free Galactus, Drax managed to punch a hole through the Mad Titan''s chest, killing him. Realizing his mistake he uses the power of the Silver Surfer to save Galactus. Once freed Galactus teleported both Drax and Moondragon to an undisclosed location. From there Drax vanished.\r\n\r\nSometime after the war with Annihilus, the Phalanx managed to take over Kree Space and infect many worlds. Now trapped within Kree Space, Drax was hunted by a Phalanx infected Nova and Gamora. During the chase Nova was able to capture Drax and he was then infected with the techno-organic virus, becoming a Phalanx Select. Now working for the Phalanx he was recently given the assignment to hunt down and capture or kill Nova, who escaped from the Phalanx''s grasp. Following Nova into a wormhole, Nova, Gamora, and Drax are now stranded in an unknown quadrant of space.\r\n\r\nAfter the events of the Annihilation Conquest, Drax agreed to join a group of cosmic heroes to form a proactive line of defense against potential treats to the Universe. The group was led by Jason of Spartoiâ€™s son Peter Quill, also known as the Star-Lord. After many failed attempts of coming up with a name, Rocket Raccoon suggested that they take the name of Guardians of the Galaxy. The team used Knowhere as their base of operation. Knowhere is located inside the decapitated head of an unidentified Celestial that was floating on the very edge of the universe.\r\n\r\nWhile on Knowhere, Drax would come into conflict with the Luminals who were the protectors of this peaceful place. Drax and the Guardians first mission pitted them against the Universal Church of Truth which was a group of very powerful religious fanatics. Later during the Skrull infiltration that destroyed the Continuum Cortex, Cynosure sent her team after the missing Drax, when it was suspected he could be a Skrull. Three of her finest, Massdriver, Impact and Brightstorm, were left defeated and in intensive care following a furious battle with the Destroyer. When questioned about his mysterious disappearances by Quasar, Drax revealed that he had been using the Continuum Cortex to search for Cammi.', 14000, 20, 'marvel', 10.43, 3.3, 'pfs97whtro6xibzv5naeu21l043mydkgq8cj.jpg'),
(13, 'The Falcon', 'Sam grew up in a tough Harlem neighborhood. His father, a minister, had been killed trying to stop a fight. Sam did his best to try and do the right thing, but when his mother was killed by a mugger two years later, Sam''s grief and anger consumed him. His grief and anger consumed his personality, eventually led him down a criminal path. The once-respected community volunteer took on the name of "Snap" Wilson, becoming a racketeer while working for the mob.\r\nAfter an assignment in Rio de Janeiro, Sam''s plane crashed in a remote Caribbean island where the Red Skull and his henchmen, the Exiles, were hiding out. The Red Skull sought to use Wilson as a pawn against Captain America, who was currently on the island searching for the villain. The Skull reasoned that Wilson''s idealism would appeal to the Captain enough to become his crimefighting partner. Then, at some later date, the Skull could use Wilson against his enemy. He used a Cosmic Cube to revert "Snap" into Sam and give Sam the ability to telepathically communicate with birds, especially a bird that Wilson had bought named Redwing. Sam helped Captain America defeat the Skull and did indeed become his partner as the Falcon.\r\n\r\n\r\nEnlarge Image\r\nReturning to New York, Wilson became one of Harlem''s staunchest crimefighters and a regular ally to Captain America. He became a social worker in his regular identity, defending the streets of his hometown both in costume and out of it. Wilson even adopted Captain America''s identity for a brief time when Captain America appeared to have been killed. As the Falcon, Wilson had been solely a rooftop-swinging athlete until the Black Panther provided him with Wakandan technology that enabled him to truly fly.\r\n\r\nWilson''s "Snap" identity remained submerged until some years later when he recalled his criminal past while undergoing shock therapy at S.H.I.E.L.D. headquarters. Once his former criminal associates learned of this, a bounty was placed on his head. Wilson and Captain America fought off the attacks, however.\r\n\r\nAt a later point, Wilson was offered membership to the premier superhero team Avengers. However, he was uncomfortable that his presence was due largely to the government''s "affirmative action" policy, and he returned to his social work almost immediately after some stern words with his fellow heroes. Despite his feelings, he has helped the Avengers on occasion as a provisional member.\r\n\r\nLater still, Wilson ran for a Congressional seat only to be confronted again with his ignominious criminal history. Wilson almost relapsed into his "Snap" personality during this identity crisis before coming to terms with his past. Captain America underwent an identity crisis of his own when he was forced to give up his superhero identity and forge a new one as simply the Captain. As the Falcon, Wilson joined other allies of Captain America in a series of adventures but worked to convince the Captain to reclaim his former identity.', 12300, 20, 'marvel', 9.54, 3.12, 'p4c79d8ueqxwvh6ni5torbf1gmsl3kjayz02.jpg'),
(14, 'Gamora', 'Gamora traveled to Xandar and attacked Quill, who was at the moment being hunted by Rocket after being rejected by a broker. As she attempted to steal the Orb, an extended quarrel broke out resulting in Gamora, Rocket, an injured Groot and an unconcious Quill being apprehended by Nova Corps police ships and ordered to be sent to the Kyln by Saal. Upon hearing of Gamora''s inprisonment, Ronan declared her a traitor to a disappointed Thanos, who ordered both her and the Orb over Ronan''s life.\r\n\r\nGamora was immediately recognized by several of the prisoners, all of whom resented her for being associated with Ronan, who ruined many of their lives and caused the death of loved ones. She was later attacked by a vengeful Drax when Rocket and Quill interrupted, the latter being able to persuade Drax to join them in a quest to eliminate Ronan. \r\n\r\nThe following day, Rocket hatched a four-step plan ruined by Groot, shutting down the prison''s electrical systems and initiating a brawl. During the commotion, Quill retreived a prisoner''s prosthetic leg as Gamora retrieved a guard''s cybernetic remote as Rocket made his way to the watchtower''s control room and Drax fought several Kyln guards and security drones.\r\n\r\nWhen all of the components were retrieved, the Guardians escaped, although momentarily halted by Quill, who went back to retreive his Walkman from an alien guard. When the group arrived at Knowhere to let The Collector examine the Orb, Gamora ordered an appointment through Carina as Drax and Rocket got drunk and gambled in a nearby bar.\r\n\r\nGamora then questioned the importance of Quill''s Walkman, prompting a gentle discussion that was quickly ended when she rejected Quill''s advances. When the group was called into the sanctuary, The Collector elaborated on the Orb''s power as an Infinity Gem until Carina attempted to kill herself and the Collector, resulting in a massive explosion.\r\n\r\nMatters got worse when Ronan responded to a drunken call from Drax, as well as Quill''s surrogate parent Yondu Udonta. Gamora, Quill and Rocket boarded mining crafts and took down several of Ronan''s fighters until Nebula caught up and destroyed Gamora''s pod, leaving her in space for dead. As Rocket headed back to the station, Quill risked his own life to save Gamora, allowing Yondu to abduct them. Yondu prepared to kill Quill when Gamora suggested a plan, eventually leading into the Ravagers joining the Guardians and planning an attack to stop Ronan''s genocidal assault on Xandar.\r\n\r\nDrax, Groot, Quill and Gamora flew a Ravager ship into the Dark Astor where she attempted to deactivate control room''s defenses until she was encountered by Nebula, who was eventually defeated after a viscious fight. She then unplugs the final core, allowing the three to attack Ronan, who is near invincible but is pummeled by the Milano, causing the Astor to go down.\r\n\r\nAs the ship descended, Groot formed a nest around the Guardians and sacrificed himself; the Guardians survived the crash only to be met by Ronan, who was distracted by Quill long enough for Drax to destroy his warhammer. The Guardians then proceeded to finally kill him by sharing the Orb''s energy among one another, channeling it into Ronan and imploding him.\r\n\r\nAfter the Guardians were honored by the Nova Corps, Gamora, in a new outfit, finally called Quill by his "hero" name as the group took off into the stars.', 12000, 20, 'marvel', 9.54, 2.3, '8pafbrcjt0n2gid5hk76mloyqw3zv9s14exu.jpg'),
(15, 'Groot (Guardians of Galaxy)', 'Groot and his partner and friend, Rocket Raccoon, are a duo of bounty hunters who were searching for quarry on the planet Xandar, when they spot Peter Quill, who is attempting to retrieve a mysterious orb from Gamora.\r\n\r\nLearning of the large bounty on Quill''s head, the two joined the fight. Soon after, all four were caught by the Nova Corps and sent to a space prison called The Kyln. In the prison, Groot easily subdued a large alien prisoner who threatened Quill.\r\n\r\nAs Gamora had a plan to sell the Orb to someone else. Quill, Rocket and Groot agreed to help and split the reward. Rocket had a plan to escape the prison, which required a battery from a tall column in the prison. As he explained that it was very important to take the battery last, Groot stretched his body up to the panel and immediately grabbed the battery, setting off an alarm. Aiding in the escape, they headed to Knowhere, to meet with Gamora''s buyer, The Collector.\r\n\r\nThe Dark Aster started falling to the ground and the Guardians were about to die, but Groot created a shield with his body around them. When asked by Rocket why he would do such a thing, which would lead to his death, Groot responded "We are Groot". When the ship crashed, sticks were spread all over the ground. The other four lay in pain.\r\n\r\nAfter defeating Ronan, the four Guardians entered the Milano, Rocket was holding a pot with a stick popped out of it. Rocket looked down to discover Groot had begun regenerating, as the stick now had a face and arms.\r\n\r\nBaby Groot danced to the Jackson 5''s I Want You Back while Drax was cleaning his knife. Drax turned to Baby Groot, but he stopped dancing, Drax returned to cleaning his knife, and Baby Groot continued.', 17000, 100, 'marvel', 16.32, 4.65, 'jrfyi8mgzv2blk6xd95q04ta3escpho7u1wn.jpg'),
(16, 'The Hulk', 'The Hulk is the form taken by Bruce Banner whenever he is stressed, enraged or seriously injured. This is due to exposure to gamma radiation during an experiment attempting to find a way of making humans immune to gamma radiation. Bruce experiences flashbacks of when he was in his Hulk form.\r\n\r\nWhen Banner is upset, angered, injured or in danger, he transforms into one of the most powerful beings in the MCU, 9 feet tall, green-skinned super powerful man-beast known as the Hulk. As the Hulk, Banner possesses an nearly unlimited degree of strength, speed, durability and regenerative capabilities that increases whenever he is even angrier, hence the old saying "the madder he gets, the stronger the Hulk becomes."', 25000, 100, 'marvel', 14.54, 4.16, 'yts8aiwlgnz9k13v7md6eojbu5fp4xqcr2h0.jpg'),
(17, 'Iron Man Mark VII', 'Iron Man is a fictional comic book superhero that appears in books published by Marvel Comics. The character was created by writer-editor Stan Lee, developed by scripter Larry Lieber, and designed by artists Don Heck and Jack Kirby. He made his first appearance in Tales of Suspense #39 (March 1963).\r\n\r\nAn American billionaire playboy, industrialist, and ingenious engineer, Tony Stark suffers a severe chest injury during a kidnapping in which his captors attempt to force him to build a weapon of mass destruction. He instead creates a powered suit of armor to save his life and escape captivity. He later uses the suit and successive versions to protect the world as Iron Man. Through his corporation, Stark Industries, Stark has created many military weapons, some of which, along with other technological devices of his making, have been integrated into his suit, helping him fight crime. Initially, Iron Man was a vehicle for Stan Lee to explore Cold War themes, particularly the role of American technology and business in the fight against communism. Subsequent re-imaginings of Iron Man have transitioned from Cold War themes to contemporary concerns, such as corporate crime and terrorism.\r\n\r\nThroughout most of the character''s publication history, Iron Man has been a founding member of the superhero team the Avengers and has been featured in several incarnations of his own various comic book series. Iron Man has been adapted for several animated TV shows and films. The character is portrayed by Robert Downey, Jr. in the live action film Iron Man (2008), which was a critical and box office success. Downey, who received much acclaim for his performance, reprised the role in two Iron Man sequels and The Avengers (2012), and will do so again in Avengers: Age of Ultron (2015). Iron Man was ranked 12th on IGN''s Top 100 Comic Book Heroes in 2011', 18900, 100, 'marvel', 14.22, 4.66, '3qtbjrkds9g45lu2pxah1iwe0z7cmfnyv86o.jpg'),
(18, 'Iron Patriot', 'Looking for a symbol to rally America behind him after becoming a hero during the Secret Invasion, Norman Osborn (better known as the Green Goblin) developed his Iron Patriot persona using Tony Stark''s arsenal flag-patterned with Steve Rogers''s colors until his dismissal during the Siege of Asgard in Oklahoma. Later, the Iron Patriot mantle has been taken over by a true hero: James Rhodes (aka War Machine).', 11500, 15, 'marvel', 13, 3, 'uq9psn3hmkb2ti4lwz5j0vx17o6ecgfy8ard.jpg'),
(19, 'Loki (God of Mischief)', 'Loki is one of several powerful beings from the magical realm of Asgard, who have been worshipped as gods. Odin, once the ruler of the Asgardian gods, led his subjects in a war against their enemy, the frost giants from the land of Jotunheim (one of the nine worlds of Asgard). Laufey, king of the frost giants, was slain in battle and the giants were defeated. Surveying the spoils of war, the Asgardians discovered a small Asgardian god-sized baby hidden at the giants'' main fortress. The infant was Loki, whom Laufey had kept hidden due to his shame over his son''s diminutive size. Odin remembered his father Borâ€™s dying words to adopt the son of a father killed by his hands; Odin adopted Loki into his own family, raising Loki like a son along with his biological son, Thor.\r\n\r\nIn childhood Loki greatly resented the fact that Odin and the other Asgardians favored the young Thor, who already had a nobility of spirit and excelled in all his endeavors. As a boy Loki began studying the arts of sorcery, for which he had a natural affinity. He became infamous for his mischievousness, but secretly resented Thor and the love that Odin lavished upon him. When Odin was preparing his greatest gift for Thor, the enchanted hammer Mjolnir, Loki interfered with its creation, causing its handle to be forged too short. Loki was envious that Thor would one day wield Mjolnir, and over the years repeatedly crafted schemes to make Mjolnirâ€™s power his own.\r\n\r\nWhen Loki and Thor were still young, Thor was attracted to the swordmaiden Sif, who had beautiful gold-colored hair. Loki cut off her hair while she slept, but Thor guessed that Loki was responsible and demanded that he restore it. Loki enlisted the dwarves Brokk and Eitri to forge new hair for her, but as he did not pay them anything, they decided to craft the hair from nothing, making black hair from the night itself. However, Thor still loved Sif, even without her golden hair.\r\n\r\nThor and Loki occasionally adventured together as teenagers, though the competitive Loki always searched for an advantage over his brother. In his youth, he was more apt to aid his Asgardian family. When Loki learned that the sorceress Karnilla (queen of the magical beings called the Norns) was planning an attack on Asgard, he refused an offer to join her and instead alerted his fellow Asgardians to her scheme. Later on, Loki and Karnilla became occasional allies, although her love for the Asgardian Balder (an enemy of Loki) prevented her from aiding Loki in any way that would hurt her beloved.', 35000, 10, 'marvel', 15.16, 4.8, '16sn3d82wvhfq09mj5yptzcuoaegr7lx4kib.jpg'),
(20, 'Rocket Raccoon', 'Hundreds of years ago, humanoids from an unidentified planet sought a world to use as an asylum for their outcast insane members, and settled on a planet located in the Keystone Quadrant, out by the stars of Sirus Major. There the psychiatrists created robots to care for their patients'' particular brands of insanity. For years they studied the functions and dysfunctions of the mind, writing their observations in the starship Gideon''s logbook until their funding was cut off and they were ordered back to their homeworld. As they left, they erected a forcefield-generating Galacian Wall around the star system to keep their uncured patients safe from the normal society that loathed them. \r\n\r\nEnlarge ImageGalacian Wall\r\nFor generations the robots faithfully watched over their charges, whose children were born insane themselves, or affected by their insane environment. The Loonies, as they came to be known, created a religion worshiping the ancient Shrinks as gods, with straight-jacketed priests called the Good Humor Men venerating the logbook as their Bible, housing it in the Admissions Ward and performing rites to attain the Final Cure. Gaining sentence (due in part to radiation from a nearby star going nova), the supremely logical robots sought a way out from directly caring for their illogical charges. They played around with the genetics of the various companion animals left by the Shrinks and created a race of animal people to care for the Loonies while the robots retreated to their own side of the planet and began to work on a giant humanoid starship, and started to deduce how to shut down the Wall from the inside. Over time the planet came to be known as Halfworld, divided between the robots'' industrial half, and the verdant half occupied by the others, with the robots building toys designed by the animals to keep the Loonies entertained, and making other machines and weapons for the animals'' use only, and giving many animals requested cybernetic enhancements. Over time the animals created their own advanced society somewhat apart from the Loonies, with the major industry toymaking for the Loonies'' amusements, and the Loonies paying for services rendered with animal cracker currencies.', 12000, 10, 'marvel', 7.11, 1.36, 'dw4b0yq15hm79lsfo8rzacipg3jek2vut6nx.jpg'),
(21, 'Spider-man', 'Orphaned as a baby when his parents were killed overseas in a plane crash as U.S. government spies, only child Peter Parker was raised by his elderly Uncle Ben and Aunt May. Academically gifted, Peter displayed an uncanny affinity for science that was nothing short of genius. Socially, however, he was painfully shy and the target of much cruelty by his peers at Midtown High School. Attending a public science exhibit when Peter was 15-years old, he was bitten on the hand by a radioactive spider accidentally irradiated by a particle beam, empowering Peter with the arachnid''s proportional strength and agility, and the ability to cling to almost any surface. \r\n\r\nMost incredibly, he had gained a sixth sense that provided him with early warning of impending danger. Disguised, Peter tested his new-found abilities defeating professional wrestler Crusher Hogan in the ring, and earning some cash. Using his scientific prowess, he constructed a pair of artificial web-shooters that attached to his wrists. With an agent, a costume, and a new name, Spider-Man became an overnight sensation on television. Unconcerned with the rest of the world, he vowed to use his powers only to take care of himself and his aunt and uncle. After his first TV special ended, he allowed a burglar that he could have easily restrained to run past him and escape. A few days later, Peter returned home to find his beloved Uncle Ben had been shot and killed. When Spider-Man confronted the killer hiding in the old Acme Warehouse at the waterfront, he discovered to his horror that his uncle''s murderer was the burglar he apathetically allowed to pass. Consumed with guilt, he became aware at last that with great power comes great responsibility, just as his beloved uncle had once said.\r\nTo help his Aunt May with finances, Peter took a freelance job at the Daily Bugle selling pictures of himself as Spider-Man to publisher J. Jonah Jameson. Despite Spider-Man rescuing his son, astronaut John Jameson, from a malfunctioning space capsule, Jonah used his newspaper to publicly condemn Spider-Man as a menace. Unlike heroes like the Fantastic Four or the Avengers, Spider-Man was mistrusted and feared by the public. At school, his popularity was no greater, as "Puny Parker" frequently clashed with bully Flash Thompson and his followers. Flash''s girlfriend, Liz Allan, often complicated matters, harboring a crush on "Petey" and making Flash jealous.', 14000, 20, 'marvel', 13.44, 3.3, 'i6zrsxtcgnfu80hob729a5pm1dyjl3e4kqwv.jpg'),
(22, 'Star Lord', 'Wrongly branded a traitor by his father Eson, Prince Jason of Spartoi fled the Empire, exploring deep space for many years. When war broke out between the Spartoi Empire and the Ariguan Confederacy, Eson summoned his wayward son home, but en route his ship''s converter blew. To avoid a complete meltdown, and with his ship apparently slipping backwards through time, Jason crash landed in Earth''s Colorado Mountains, his arrival witnessed by Meredith Quill, who dragged him from the burning vessel. As she nursed him back to health and helped him rebuild his ship, the pair fell in love. After a year, Jason was ready to depart; informed by his bio-comps that Meredith had just conceived their child and unwilling to endanger her, Jason reluctantly left Meredith behind, promising to return for her once the war ended, but mindlocking her memories, sparing her the heartbreak he felt. Less than a month later, Meredith married her childhood sweetheart, Jake.\r\nSuspecting Meredith''s child was not his, when Peter Jason Quill was born, Jake angrily noted that the infant resembled neither of them. Intending to slay the child, Jake carried him outside, but suffered a fatal heart attack; Peter was left staring into the starlit sky for an hour before Meredith found strength to crawl outside to him. Mentally and physically weakened, Meredith''s world revolved around raising her son. Peter grew up a loner, fascinated by science fiction shows and NASA''s exploits.\r\n\r\nWhen the Spartoi / Ariguan conflict turned in Sparta''s favor, Jason asked his uncle Gareth to bring his family to him. Having his own designs on the throne, Gareth instead hired Kyras Shakati, crimelord of Cinnibar, to eliminate the Quills; Shakati in turn sent the Ariguan Sith-Lord Rruothk''ar to carry out the murder. Peter, now 11, witnessed Rruothk''ar''s ship land, and watched Rruothk''ar and his men slay his mother. The killers departed, unaware they had missed their main target; Peter swore to one day make them pay. Gareth informed Jason that his wife and son had died in childbirth, while Peter became increasingly insular, running away from the orphanage on his 13th birthday. Subsequently devoting himself to intense study, he graduated college and was accepted into NASA''s space effort astronaut training program. Though one of their highest ever scoring trainees, he remained socially withdrawn, his sole friend his pet owl, Al. During training, Peter risked his life to save fellow student Greg Harrelson when a centrifuge malfunctioned, but afterwards castigated Harrelson for being too stupid to save himself, engendering a deep hatred. When Peter''s lack of social skills saw him passed over for Mars Probe III in favor of Harrelson, Peter re-evaluated his life. He spent the next five months improving his deportment, eventually being assigned to Eve, NASA''s first permanently manned space station; entering space for the first time was a rapturous experience for Quill.', 10400, 10, 'marvel', 12.8, 2.9, 'kw1ocq6tihzbjr3mlnef27u4s85vgadpyx90.jpg'),
(23, 'Thor (God of Thunder)', 'Thor is one of several powerful ancient beings who dwell in a magical realm called Asgard. Through history, these beings have been revered and worshiped as gods. Ages ago, Odin, lord of the Asgardian gods, desired a child who would one day exceed him in power. Odin wooed Gaea, the earth goddess, and from their union Thor was born in a small cave in Norway on Earth. Odin took him to be raised in Asgard by his wife, Frigga.\r\nThe young Thor grew up alongside his adopted brother Loki, the trickster, who was always jealous of his more favored sibling. Thor grew in power and popularity and on his eighth birthday, Odin had the hammer Mjolnir created for him, enchanting it with powerful magic. Odin decreed that Mjolnir would be presented to Thor when his son had been proven a worthy warrior. After spending the next eight years training and performing heroic deeds, Thor was given the hammer and declared the greatest warrior in Asgard.', 30000, 50, 'marvel', 14, 3.1, 'pfjglozh16vub0a4y3mcteq52nxkr8dsw79i.jpg');
INSERT INTO `products` (`product_id`, `product_name`, `product_desc`, `product_price`, `product_quantity`, `product_category`, `product_size`, `product_weight`, `product_image`) VALUES
(24, 'Winter Soldier', 'Born in 1925, James Buchanan Barnes lost both his parents early in his life; his mother had died when he was a child and his father had died in an accident while in basic training at Camp Lehigh shortly before Christmas in 1937. He was separated from his younger sister Rebecca, who was sent to boarding school while he persuaded officials into letting him remain at Camp Lehigh as a ward of the state due to sharing his father''s love of the armed forces. He was eventually considered the camp mascot. During World War II, he set up a profitable endeavor providing soldiers with various non-requisition supplies. He soon began to receive select assignments as a special military operative, having received hand-to-hand combat training with British Commandos under the tutelage of William Essart Fairbairn and Colonel Rex Applegate. It was possibly linked to operations conducted by the mysterious Romulus, a figure involved in worldwide espionage. He met and befriended a young and somewhat naive private Steven Rogers, who had recently become the government operative Captain America. He was assigned to accompany Rogers, but was initially unaware of the true nature of his work. One night, Barnes happened into Rogers'' tent just as he was changing to his masked identity. Sworn to secrecy, Barnes joined Captain America on his first mission against the Red Skull (Johann Schmidt), freeing many Nazi prisoners. For several months afterward, Barnes underwent an intensive training program under Captain America''s tutelage. When he finished, he received his own costumed identity as Bucky and was designated as a counter-example to Hitler Youth. Although he was able to work with his mentor for most of his missions, James was trained to carry out missions the government officials did not want Captain America to be openly involved in. He was cynical and slightly dubious of the idealistic Steve Rogers, but they soon became the closest of friends.', 13500, 50, 'marvel', 14.12, 3.4, 'fjqmcektdi2zvg5u6p17rbw3hxy0an48slo9.jpg');

-- --------------------------------------------------------

--
-- Table structure for table `profile`
--

CREATE TABLE IF NOT EXISTS `profile` (
  `profile_id` int(11) NOT NULL AUTO_INCREMENT,
  `firstname` varchar(20) NOT NULL,
  `lastname` varchar(20) NOT NULL,
  `picture` varchar(100) NOT NULL,
  `status` tinyint(1) NOT NULL,
  `user_id` int(11) NOT NULL,
  PRIMARY KEY (`profile_id`),
  KEY `user_id` (`user_id`)
) ENGINE=InnoDB DEFAULT CHARSET=latin1 AUTO_INCREMENT=1 ;

-- --------------------------------------------------------

--
-- Table structure for table `sales`
--

CREATE TABLE IF NOT EXISTS `sales` (
  `product_id` int(11) NOT NULL,
  `product_quantity` int(11) NOT NULL,
  `amount` int(11) NOT NULL,
  `date_purchased` date NOT NULL
) ENGINE=InnoDB DEFAULT CHARSET=latin1;

--
-- Constraints for dumped tables
--

--
-- Constraints for table `profile`
--
ALTER TABLE `profile`
  ADD CONSTRAINT `profile_ibfk_1` FOREIGN KEY (`user_id`) REFERENCES `admin` (`user_id`) ON DELETE CASCADE ON UPDATE CASCADE;

/*!40101 SET CHARACTER_SET_CLIENT=@OLD_CHARACTER_SET_CLIENT */;
/*!40101 SET CHARACTER_SET_RESULTS=@OLD_CHARACTER_SET_RESULTS */;
/*!40101 SET COLLATION_CONNECTION=@OLD_COLLATION_CONNECTION */;
